sale_id,customer_id,sale_date,sale_value,product
SALE0001,CUST0165,2025-03-31 10:37:23.099534,3236.21,Produto B
SALE0002,CUST0525,2024-11-22 10:37:23.099553,3066.05,Produto B
SALE0003,CUST0202,2025-03-13 10:37:23.099620,2363.42,Produto A
SALE0004,CUST0741,2025-05-27 10:37:23.099624,3151.1,Produto B
SALE0005,CUST0346,2025-03-20 10:37:23.099628,3986.32,Serviço Y
SALE0006,CUST0366,2025-07-11 10:37:23.099631,4846.74,Serviço X
SALE0007,CUST0977,2025-07-09 10:37:23.099635,2363.07,Produto B
SALE0008,CUST0448,2024-11-09 10:37:23.099639,2889.58,Produto A
SALE0009,CUST0513,2025-02-14 10:37:23.099644,2251.79,Serviço Y
SALE0010,CUST0319,2024-11-27 10:37:23.099648,3359.02,Serviço Y
SALE0011,CUST0217,2025-06-08 10:37:23.099651,3168.11,Serviço X
SALE0012,CUST0034,2025-04-22 10:37:23.099655,138.28,Serviço Y
SALE0013,CUST0871,2024-12-30 10:37:23.099658,2728.75,Serviço Y
SALE0014,CUST0266,2024-11-21 10:37:23.099661,488.01,Serviço Y
SALE0015,CUST0640,2025-03-14 10:37:23.099664,180.6,Serviço Y
SALE0016,CUST0724,2025-06-16 10:37:23.099668,3966.43,Produto A
SALE0017,CUST0775,2025-06-08 10:37:23.099671,1330.32,Serviço X
SALE0018,CUST0824,2025-07-04 10:37:23.099674,1736.24,Produto B
SALE0019,CUST0080,2025-05-03 10:37:23.099677,367.22,Serviço Y
SALE0020,CUST0677,2025-05-10 10:37:23.099680,938.53,Produto A
SALE0021,CUST0413,2024-12-19 10:37:23.099683,3839.74,Serviço X
SALE0022,CUST0252,2024-11-05 10:37:23.099687,2492.98,Produto B
SALE0023,CUST0012,2024-12-04 10:37:23.099690,4409.31,Serviço X
SALE0024,CUST0401,2025-04-18 10:37:23.099693,2016.35,Produto A
SALE0025,CUST0816,2024-12-16 10:37:23.099696,1380.07,Produto A
SALE0026,CUST0724,2024-11-02 10:37:23.099699,1770.62,Produto A
SALE0027,CUST0282,2025-02-22 10:37:23.099703,3578.22,Serviço Y
SALE0028,CUST0112,2025-04-01 10:37:23.099706,2797.28,Produto A
SALE0029,CUST0723,2024-12-13 10:37:23.099709,4525.75,Produto B
SALE0030,CUST0378,2024-10-20 10:37:23.099712,3030.74,Serviço Y
SALE0031,CUST0751,2025-04-22 10:37:23.099715,2490.44,Serviço X
SALE0032,CUST0268,2025-04-01 10:37:23.099719,3939.48,Produto B
SALE0033,CUST0917,2025-01-24 10:37:23.099722,4740.29,Serviço Y
SALE0034,CUST0298,2025-03-17 10:37:23.099725,1811.44,Produto A
SALE0035,CUST0317,2025-04-18 10:37:23.099728,1286.89,Serviço X
SALE0036,CUST0570,2025-05-09 10:37:23.099731,3100.28,Produto A
SALE0037,CUST0509,2024-11-29 10:37:23.099735,2519.42,Produto B
SALE0038,CUST0950,2024-10-31 10:37:23.099738,4946.47,Produto B
SALE0039,CUST0546,2024-12-26 10:37:23.099741,2338.69,Serviço Y
SALE0040,CUST0775,2025-04-28 10:37:23.099744,417.94,Produto B
SALE0041,CUST0365,2025-03-28 10:37:23.099747,4887.98,Serviço X
SALE0042,CUST0547,2025-07-25 10:37:23.099750,4225.76,Serviço Y
SALE0043,CUST0271,2025-05-01 10:37:23.099754,932.34,Serviço X
SALE0044,CUST0961,2025-04-09 10:37:23.099757,4527.8,Produto A
SALE0045,CUST0474,2024-10-18 10:37:23.099764,1736.3,Serviço X
SALE0046,CUST0739,2025-01-20 10:37:23.099768,1916.7,Serviço X
SALE0047,CUST0537,2025-08-06 10:37:23.099771,4536.64,Produto B
SALE0048,CUST0234,2025-06-08 10:37:23.099774,2674.07,Produto A
SALE0049,CUST0059,2024-11-30 10:37:23.099777,731.93,Produto B
SALE0050,CUST0251,2025-03-20 10:37:23.099780,1876.83,Produto A
SALE0051,CUST0847,2025-03-11 10:37:23.099783,3624.38,Produto A
SALE0052,CUST0086,2025-06-24 10:37:23.099786,912.21,Serviço X
SALE0053,CUST0763,2025-02-02 10:37:23.099789,2971.64,Produto B
SALE0054,CUST0390,2025-04-21 10:37:23.099793,3491.61,Serviço X
SALE0055,CUST0180,2025-06-24 10:37:23.099796,1752.08,Serviço X
SALE0056,CUST0719,2025-05-21 10:37:23.099799,3484.71,Serviço X
SALE0057,CUST0856,2024-12-24 10:37:23.099802,4426.83,Produto A
SALE0058,CUST0149,2025-02-26 10:37:23.099805,2386.98,Produto B
SALE0059,CUST0583,2024-10-30 10:37:23.099808,1945.4,Produto B
SALE0060,CUST0121,2024-11-27 10:37:23.099812,1293.23,Serviço X
SALE0061,CUST0765,2025-03-28 10:37:23.099815,3040.82,Produto A
SALE0062,CUST0605,2025-03-16 10:37:23.099818,4405.27,Produto B
SALE0063,CUST0256,2024-11-14 10:37:23.099821,1657.07,Serviço Y
SALE0064,CUST0766,2025-04-20 10:37:23.099825,2011.37,Produto B
SALE0065,CUST0864,2025-01-25 10:37:23.099828,2062.8,Serviço X
SALE0066,CUST0800,2025-07-03 10:37:23.099831,2826.02,Serviço Y
SALE0067,CUST0309,2024-11-05 10:37:23.099834,1180.62,Produto A
SALE0068,CUST0059,2025-02-01 10:37:23.099837,4119.95,Serviço Y
SALE0069,CUST0069,2024-12-07 10:37:23.099841,1513.23,Serviço Y
SALE0070,CUST0446,2024-11-16 10:37:23.099844,3541.55,Serviço X
SALE0071,CUST0388,2025-07-28 10:37:23.099847,2590.42,Produto B
SALE0072,CUST0086,2025-02-22 10:37:23.099850,2950.19,Produto A
SALE0073,CUST0786,2025-07-09 10:37:23.099853,939.06,Serviço Y
SALE0074,CUST0227,2024-11-09 10:37:23.099856,3688.36,Serviço X
SALE0075,CUST0593,2025-05-12 10:37:23.099860,983.67,Produto B
SALE0076,CUST0626,2025-07-15 10:37:23.099863,611.69,Serviço Y
SALE0077,CUST0184,2025-01-09 10:37:23.099866,2756.06,Serviço X
SALE0078,CUST0792,2025-06-22 10:37:23.099870,3561.02,Serviço X
SALE0079,CUST0322,2025-07-10 10:37:23.099873,297.68,Serviço X
SALE0080,CUST0909,2025-07-12 10:37:23.099876,393.51,Produto A
SALE0081,CUST0318,2024-11-14 10:37:23.099879,4023.26,Produto B
SALE0082,CUST0566,2025-02-13 10:37:23.099882,4054.71,Serviço Y
SALE0083,CUST0399,2025-08-03 10:37:23.099886,1264.26,Produto B
SALE0084,CUST0709,2025-06-01 10:37:23.099889,3095.38,Produto B
SALE0085,CUST0899,2025-03-25 10:37:23.099892,2243.74,Serviço Y
SALE0086,CUST0293,2025-06-13 10:37:23.099895,3181.85,Produto B
SALE0087,CUST0293,2025-07-07 10:37:23.099900,4321.25,Produto A
SALE0088,CUST0485,2025-05-25 10:37:23.099906,445.29,Serviço Y
SALE0089,CUST0899,2025-07-19 10:37:23.099910,3901.02,Serviço Y
SALE0090,CUST0447,2025-03-04 10:37:23.099916,2490.49,Serviço X
SALE0091,CUST0803,2025-03-04 10:37:23.099921,2842.43,Produto B
SALE0092,CUST0692,2025-03-13 10:37:23.099926,3286.96,Serviço Y
SALE0093,CUST0983,2025-05-12 10:37:23.099930,4616.98,Serviço Y
SALE0094,CUST0892,2025-07-18 10:37:23.099935,330.76,Produto A
SALE0095,CUST0412,2024-11-11 10:37:23.099940,195.91,Serviço X
SALE0096,CUST0508,2025-06-25 10:37:23.099945,932.4,Serviço Y
SALE0097,CUST0734,2025-07-10 10:37:23.099950,4932.92,Produto A
SALE0098,CUST0786,2024-11-20 10:37:23.099954,3589.63,Serviço Y
SALE0099,CUST0890,2025-07-16 10:37:23.099959,3092.47,Serviço Y
SALE0100,CUST0244,2025-04-28 10:37:23.099964,282.84,Serviço Y
SALE0101,CUST0420,2025-06-29 10:37:23.099969,4401.6,Produto A
SALE0102,CUST0929,2024-10-21 10:37:23.099974,4073.15,Produto B
SALE0103,CUST0960,2025-02-18 10:37:23.099979,3340.76,Serviço Y
SALE0104,CUST0154,2024-10-15 10:37:23.099984,1728.7,Serviço Y
SALE0105,CUST0816,2025-03-30 10:37:23.099989,399.0,Produto B
SALE0106,CUST0424,2025-03-04 10:37:23.099995,2921.19,Serviço Y
SALE0107,CUST0273,2025-05-25 10:37:23.100000,3612.49,Serviço X
SALE0108,CUST0936,2025-05-09 10:37:23.100006,516.49,Serviço Y
SALE0109,CUST0647,2025-06-01 10:37:23.100011,3187.15,Serviço X
SALE0110,CUST0825,2024-12-14 10:37:23.100017,1467.51,Produto B
SALE0111,CUST0520,2025-01-19 10:37:23.100020,3833.01,Produto A
SALE0112,CUST0128,2024-12-23 10:37:23.100023,2721.1,Produto B
SALE0113,CUST0373,2024-12-17 10:37:23.100026,688.73,Serviço Y
SALE0114,CUST0568,2024-11-14 10:37:23.100029,2656.27,Serviço X
SALE0115,CUST0638,2025-05-13 10:37:23.100033,2008.9,Produto A
SALE0116,CUST0159,2025-04-27 10:37:23.100036,942.76,Serviço Y
SALE0117,CUST0571,2025-01-05 10:37:23.100039,4215.5,Produto A
SALE0118,CUST0570,2025-04-21 10:37:23.100042,104.59,Produto A
SALE0119,CUST0652,2025-02-23 10:37:23.100045,1595.03,Serviço Y
SALE0120,CUST0176,2025-05-08 10:37:23.100048,112.35,Produto B
SALE0121,CUST0927,2025-01-27 10:37:23.100051,525.23,Serviço Y
SALE0122,CUST0620,2025-05-13 10:37:23.100055,1520.63,Serviço Y
SALE0123,CUST0211,2024-12-28 10:37:23.100058,318.64,Produto B
SALE0124,CUST0447,2025-04-28 10:37:23.100061,3003.32,Serviço X
SALE0125,CUST0586,2024-12-24 10:37:23.100066,479.97,Serviço Y
SALE0126,CUST0167,2025-06-08 10:37:23.100072,3523.48,Produto A
SALE0127,CUST0460,2024-11-30 10:37:23.100077,310.58,Serviço Y
SALE0128,CUST0916,2025-06-20 10:37:23.100082,343.58,Serviço Y
SALE0129,CUST0357,2025-04-12 10:37:23.100092,1561.36,Produto A
SALE0130,CUST0304,2024-12-23 10:37:23.100099,4488.03,Produto B
SALE0131,CUST0233,2025-07-05 10:37:23.100105,3224.9,Serviço X
SALE0132,CUST0327,2025-06-24 10:37:23.100111,3862.15,Serviço X
SALE0133,CUST0884,2025-02-23 10:37:23.100116,750.68,Produto A
SALE0134,CUST0182,2024-10-19 10:37:23.100119,4178.92,Produto B
SALE0135,CUST0634,2024-10-24 10:37:23.100122,90.32,Serviço Y
SALE0136,CUST0334,2024-12-25 10:37:23.100126,1104.63,Serviço Y
SALE0137,CUST0715,2024-10-25 10:37:23.100129,3099.66,Serviço Y
SALE0138,CUST0967,2025-01-15 10:37:23.100132,1907.47,Serviço Y
SALE0139,CUST0029,2025-02-16 10:37:23.100135,4921.76,Serviço Y
SALE0140,CUST0714,2025-07-26 10:37:23.100138,200.18,Produto A
SALE0141,CUST0093,2025-04-08 10:37:23.100141,4993.06,Serviço Y
SALE0142,CUST0841,2024-12-06 10:37:23.100144,3136.96,Serviço Y
SALE0143,CUST0868,2025-03-08 10:37:23.100147,2815.6,Produto B
SALE0144,CUST0688,2025-03-08 10:37:23.100151,344.59,Serviço Y
SALE0145,CUST0330,2025-01-31 10:37:23.100154,1402.98,Serviço X
SALE0146,CUST0723,2025-07-25 10:37:23.100157,4627.08,Produto A
SALE0147,CUST0184,2025-05-08 10:37:23.100160,1803.52,Produto A
SALE0148,CUST0095,2025-01-19 10:37:23.100163,3325.18,Produto A
SALE0149,CUST0785,2025-05-25 10:37:23.100166,4997.51,Serviço X
SALE0150,CUST0649,2024-11-24 10:37:23.100169,1352.2,Serviço Y
SALE0151,CUST0749,2024-11-04 10:37:23.100172,2901.6,Produto A
SALE0152,CUST0353,2025-05-28 10:37:23.100176,3497.37,Serviço X
SALE0153,CUST0930,2025-05-21 10:37:23.100179,864.9,Produto B
SALE0154,CUST0941,2024-10-27 10:37:23.100182,785.93,Serviço Y
SALE0155,CUST0984,2025-03-30 10:37:23.100186,2308.72,Serviço X
SALE0156,CUST0265,2025-06-25 10:37:23.100189,1959.77,Serviço Y
SALE0157,CUST0647,2025-07-30 10:37:23.100192,3585.37,Produto B
SALE0158,CUST0656,2025-07-25 10:37:23.100195,394.07,Serviço X
SALE0159,CUST0019,2025-01-06 10:37:23.100198,4862.22,Serviço Y
SALE0160,CUST0743,2025-04-18 10:37:23.100201,120.67,Serviço X
SALE0161,CUST0646,2024-10-20 10:37:23.100205,3026.52,Produto A
SALE0162,CUST0626,2025-07-15 10:37:23.100208,2835.03,Serviço Y
SALE0163,CUST0499,2024-11-26 10:37:23.100211,716.84,Serviço X
SALE0164,CUST0139,2025-07-23 10:37:23.100214,797.03,Produto A
SALE0165,CUST0637,2025-03-30 10:37:23.100217,3973.75,Produto B
SALE0166,CUST0716,2025-06-07 10:37:23.100220,4443.43,Serviço Y
SALE0167,CUST0573,2025-04-14 10:37:23.100223,1450.93,Serviço Y
SALE0168,CUST0762,2025-06-01 10:37:23.100226,2217.92,Produto B
SALE0169,CUST0810,2024-12-01 10:37:23.100229,1807.23,Produto A
SALE0170,CUST0525,2025-02-13 10:37:23.100232,409.11,Produto B
SALE0171,CUST0908,2025-08-05 10:37:23.100235,3382.36,Serviço Y
SALE0172,CUST0255,2025-02-16 10:37:23.100239,4134.71,Serviço X
SALE0173,CUST0085,2024-10-27 10:37:23.100242,1559.15,Produto A
SALE0174,CUST0458,2025-06-14 10:37:23.100246,4951.37,Produto A
SALE0175,CUST0532,2025-06-01 10:37:23.100249,425.47,Produto A
SALE0176,CUST0562,2025-04-27 10:37:23.100252,3325.86,Produto B
SALE0177,CUST0676,2025-04-09 10:37:23.100255,2268.73,Produto B
SALE0178,CUST0092,2025-01-28 10:37:23.100258,2260.68,Serviço X
SALE0179,CUST0600,2025-06-21 10:37:23.100261,2315.35,Serviço X
SALE0180,CUST0069,2024-12-28 10:37:23.100265,1330.47,Produto A
SALE0181,CUST0037,2025-07-17 10:37:23.100268,3592.04,Serviço X
SALE0182,CUST0765,2025-03-02 10:37:23.100271,3621.8,Produto B
SALE0183,CUST0764,2025-03-01 10:37:23.100274,1447.87,Serviço X
SALE0184,CUST0140,2024-12-15 10:37:23.100277,4184.77,Produto B
SALE0185,CUST0867,2025-03-10 10:37:23.100280,1618.38,Serviço X
SALE0186,CUST0893,2024-11-23 10:37:23.100283,3639.21,Serviço Y
SALE0187,CUST0680,2025-02-23 10:37:23.100286,648.95,Produto B
SALE0188,CUST0566,2025-05-22 10:37:23.100289,885.07,Serviço Y
SALE0189,CUST0898,2025-05-14 10:37:23.100292,1613.19,Produto B
SALE0190,CUST0178,2025-06-22 10:37:23.100295,2989.68,Serviço X
SALE0191,CUST0809,2025-06-21 10:37:23.100299,3245.28,Serviço Y
SALE0192,CUST0813,2025-01-06 10:37:23.100302,2011.96,Serviço X
SALE0193,CUST0871,2025-06-09 10:37:23.100305,435.3,Produto B
SALE0194,CUST0618,2025-06-14 10:37:23.100308,1899.49,Serviço Y
SALE0195,CUST0137,2025-07-26 10:37:23.100311,3459.4,Produto A
SALE0196,CUST0190,2025-01-27 10:37:23.100314,3371.43,Serviço X
SALE0197,CUST0640,2025-08-01 10:37:23.100317,842.97,Produto B
SALE0198,CUST0342,2025-03-16 10:37:23.100320,88.53,Serviço Y
SALE0199,CUST0559,2024-11-19 10:37:23.100323,3777.26,Serviço X
SALE0200,CUST0005,2025-05-26 10:37:23.100327,576.52,Serviço Y
SALE0201,CUST0972,2025-02-14 10:37:23.100330,457.63,Serviço X
SALE0202,CUST0257,2024-12-18 10:37:23.100333,63.37,Serviço X
SALE0203,CUST0812,2024-11-10 10:37:23.100336,2191.38,Serviço X
SALE0204,CUST0662,2024-12-28 10:37:23.100339,2541.16,Serviço Y
SALE0205,CUST0806,2025-06-16 10:37:23.100342,3206.44,Serviço Y
SALE0206,CUST0243,2025-04-13 10:37:23.100346,1515.52,Serviço X
SALE0207,CUST0787,2025-07-12 10:37:23.100349,3566.6,Produto A
SALE0208,CUST0720,2025-06-15 10:37:23.100352,888.19,Produto A
SALE0209,CUST0415,2025-07-09 10:37:23.100355,4168.35,Produto A
SALE0210,CUST0627,2025-07-19 10:37:23.100358,2880.65,Produto B
SALE0211,CUST0707,2024-11-01 10:37:23.100361,2940.25,Produto A
SALE0212,CUST0343,2025-04-12 10:37:23.100364,1088.39,Serviço Y
SALE0213,CUST0682,2025-04-23 10:37:23.100367,416.84,Produto A
SALE0214,CUST0379,2024-12-23 10:37:23.100372,2350.39,Serviço Y
SALE0215,CUST0594,2025-02-02 10:37:23.100376,3097.28,Produto B
SALE0216,CUST0666,2024-11-19 10:37:23.100379,520.48,Serviço Y
SALE0217,CUST0653,2025-07-22 10:37:23.100382,4755.15,Serviço Y
SALE0218,CUST0826,2024-11-07 10:37:23.100385,4903.05,Serviço Y
SALE0219,CUST0146,2025-02-28 10:37:23.100389,2750.01,Produto A
SALE0220,CUST0323,2024-11-30 10:37:23.100392,4752.84,Serviço X
SALE0221,CUST0122,2024-12-26 10:37:23.100395,938.25,Serviço Y
SALE0222,CUST0252,2024-11-24 10:37:23.100398,175.83,Produto A
SALE0223,CUST0855,2025-02-08 10:37:23.100401,245.08,Produto A
SALE0224,CUST0899,2025-07-18 10:37:23.100404,2958.19,Produto A
SALE0225,CUST0311,2025-04-17 10:37:23.100407,355.13,Serviço X
SALE0226,CUST0601,2025-04-09 10:37:23.100410,4794.8,Serviço X
SALE0227,CUST0475,2025-01-25 10:37:23.100413,752.57,Serviço X
SALE0228,CUST0570,2025-04-18 10:37:23.100416,1558.38,Serviço X
SALE0229,CUST0492,2025-01-09 10:37:23.100419,4121.46,Produto B
SALE0230,CUST0575,2025-08-06 10:37:23.100422,1132.76,Serviço X
SALE0231,CUST0347,2025-06-10 10:37:23.100426,1252.69,Serviço X
SALE0232,CUST0820,2025-05-06 10:37:23.100429,3229.43,Serviço X
SALE0233,CUST0487,2024-12-29 10:37:23.100432,1416.63,Serviço Y
SALE0234,CUST0473,2025-01-08 10:37:23.100435,1126.37,Serviço Y
SALE0235,CUST0382,2024-12-18 10:37:23.100438,1308.18,Serviço X
SALE0236,CUST0280,2024-11-18 10:37:23.100442,2478.71,Produto B
SALE0237,CUST0072,2025-04-26 10:37:23.100445,4832.19,Serviço Y
SALE0238,CUST0521,2025-06-18 10:37:23.100448,4169.58,Produto A
SALE0239,CUST0366,2025-04-19 10:37:23.100451,1458.82,Serviço Y
SALE0240,CUST0933,2025-05-11 10:37:23.100454,1848.7,Produto A
SALE0241,CUST0094,2025-07-18 10:37:23.100457,2349.34,Serviço Y
SALE0242,CUST0373,2025-07-24 10:37:23.100460,4895.7,Serviço X
SALE0243,CUST0339,2025-03-27 10:37:23.100463,903.33,Serviço Y
SALE0244,CUST0437,2024-10-15 10:37:23.100466,1819.54,Serviço X
SALE0245,CUST0336,2025-07-04 10:37:23.100469,3660.66,Serviço X
SALE0246,CUST0664,2025-01-11 10:37:23.100473,4821.52,Serviço Y
SALE0247,CUST0492,2025-01-20 10:37:23.100476,820.59,Produto A
SALE0248,CUST0917,2025-05-19 10:37:23.100479,1175.53,Produto A
SALE0249,CUST0868,2025-05-28 10:37:23.100482,1167.19,Serviço Y
SALE0250,CUST0040,2025-03-05 10:37:23.100485,153.61,Serviço X
SALE0251,CUST0359,2025-05-21 10:37:23.100488,3040.37,Produto A
SALE0252,CUST0574,2025-05-21 10:37:23.100491,3369.98,Produto B
SALE0253,CUST0254,2025-02-16 10:37:23.100494,3032.5,Serviço X
SALE0254,CUST0966,2024-10-22 10:37:23.100497,403.05,Serviço Y
SALE0255,CUST0581,2025-07-05 10:37:23.100500,392.69,Serviço X
SALE0256,CUST0398,2024-11-04 10:37:23.100504,1091.41,Produto B
SALE0257,CUST0757,2025-07-31 10:37:23.100507,1486.96,Produto B
SALE0258,CUST0877,2025-02-28 10:37:23.100510,3943.39,Produto A
SALE0259,CUST0170,2024-12-10 10:37:23.100513,838.98,Produto B
SALE0260,CUST0690,2025-07-14 10:37:23.100516,268.26,Serviço X
SALE0261,CUST0701,2025-01-05 10:37:23.100519,2000.24,Produto A
SALE0262,CUST0511,2025-05-29 10:37:23.100522,2111.14,Produto B
SALE0263,CUST0260,2025-01-03 10:37:23.100526,2281.99,Produto A
SALE0264,CUST0584,2025-04-25 10:37:23.100529,4143.17,Produto A
SALE0265,CUST0984,2025-01-04 10:37:23.100532,535.13,Serviço Y
SALE0266,CUST0459,2025-06-14 10:37:23.100535,3534.51,Produto A
SALE0267,CUST0529,2024-10-17 10:37:23.100538,1722.83,Produto A
SALE0268,CUST0882,2025-01-16 10:37:23.100541,1584.4,Produto B
SALE0269,CUST0341,2024-10-23 10:37:23.100544,4666.09,Serviço X
SALE0270,CUST0057,2025-06-23 10:37:23.100548,1279.92,Serviço X
SALE0271,CUST0218,2025-01-21 10:37:23.100551,3230.53,Produto B
SALE0272,CUST0619,2025-01-03 10:37:23.100565,1411.88,Serviço X
SALE0273,CUST0816,2025-02-04 10:37:23.100569,2560.36,Produto A
SALE0274,CUST0940,2025-07-11 10:37:23.100572,3942.15,Serviço Y
SALE0275,CUST0685,2025-02-22 10:37:23.100576,4414.53,Produto A
SALE0276,CUST0731,2024-11-06 10:37:23.100579,4201.55,Produto A
SALE0277,CUST0464,2025-04-26 10:37:23.100582,2931.79,Serviço Y
SALE0278,CUST0247,2025-04-25 10:37:23.100585,1281.64,Produto B
SALE0279,CUST0730,2024-12-05 10:37:23.100588,3323.11,Produto A
SALE0280,CUST0373,2025-02-19 10:37:23.100591,3564.03,Produto A
SALE0281,CUST0417,2025-04-13 10:37:23.100595,102.93,Produto B
SALE0282,CUST0031,2025-03-19 10:37:23.100598,2224.09,Produto A
SALE0283,CUST0368,2025-04-04 10:37:23.100601,4224.15,Produto A
SALE0284,CUST0559,2025-07-13 10:37:23.100604,2473.46,Serviço X
SALE0285,CUST0646,2025-01-25 10:37:23.100607,1591.31,Produto B
SALE0286,CUST0108,2025-04-29 10:37:23.100610,4365.4,Produto A
SALE0287,CUST0584,2025-08-02 10:37:23.100613,821.61,Produto A
SALE0288,CUST0839,2025-07-19 10:37:23.100616,1071.9,Serviço Y
SALE0289,CUST0418,2025-02-18 10:37:23.100619,3452.49,Serviço Y
SALE0290,CUST0620,2024-11-06 10:37:23.100622,1794.56,Serviço Y
SALE0291,CUST0821,2024-11-26 10:37:23.100626,3579.43,Produto A
SALE0292,CUST0398,2025-04-08 10:37:23.100629,830.63,Produto A
SALE0293,CUST0272,2025-07-06 10:37:23.100632,1298.73,Serviço Y
SALE0294,CUST0683,2025-03-11 10:37:23.100635,825.4,Serviço X
SALE0295,CUST0116,2024-11-14 10:37:23.100638,4766.91,Serviço X
SALE0296,CUST0841,2025-07-01 10:37:23.100641,2056.75,Serviço X
SALE0297,CUST0586,2025-02-11 10:37:23.100644,1719.24,Serviço X
SALE0298,CUST0256,2025-07-25 10:37:23.100647,120.3,Produto B
SALE0299,CUST0081,2025-02-05 10:37:23.100653,809.42,Serviço Y
SALE0300,CUST0780,2025-03-15 10:37:23.100656,2134.62,Produto A
SALE0301,CUST0128,2024-11-15 10:37:23.100659,389.09,Serviço Y
SALE0302,CUST0838,2025-05-11 10:37:23.100663,2578.16,Serviço X
SALE0303,CUST0915,2025-06-22 10:37:23.100666,2302.33,Produto A
SALE0304,CUST0235,2025-04-10 10:37:23.100669,3847.48,Produto B
SALE0305,CUST0553,2025-07-19 10:37:23.100672,3316.02,Serviço Y
SALE0306,CUST0181,2024-12-30 10:37:23.100675,2257.44,Produto A
SALE0307,CUST0157,2024-12-17 10:37:23.100678,1162.07,Produto A
SALE0308,CUST0454,2025-05-05 10:37:23.100681,3647.97,Serviço X
SALE0309,CUST0571,2024-11-29 10:37:23.100684,3553.92,Serviço X
SALE0310,CUST0857,2024-11-30 10:37:23.100688,808.82,Serviço Y
SALE0311,CUST0761,2024-10-29 10:37:23.100691,4578.02,Produto B
SALE0312,CUST0704,2024-12-18 10:37:23.100695,368.81,Produto A
SALE0313,CUST0024,2025-06-22 10:37:23.100710,322.44,Serviço X
SALE0314,CUST0473,2025-06-22 10:37:23.100713,977.38,Serviço Y
SALE0315,CUST0400,2025-07-24 10:37:23.100716,4551.83,Serviço X
SALE0316,CUST0948,2025-05-14 10:37:23.100720,2623.99,Serviço Y
SALE0317,CUST0592,2025-08-04 10:37:23.100723,3950.31,Serviço X
SALE0318,CUST0134,2025-07-10 10:37:23.100726,1177.82,Produto B
SALE0319,CUST0421,2025-03-03 10:37:23.100729,2476.6,Produto A
SALE0320,CUST0213,2025-02-13 10:37:23.100732,1823.53,Serviço X
SALE0321,CUST0900,2025-04-15 10:37:23.100735,4147.75,Produto A
SALE0322,CUST0482,2024-11-30 10:37:23.100738,161.89,Serviço Y
SALE0323,CUST0348,2025-06-09 10:37:23.100742,1257.02,Produto B
SALE0324,CUST0166,2025-01-16 10:37:23.100745,805.24,Produto A
SALE0325,CUST0937,2024-12-11 10:37:23.100748,4302.99,Serviço X
SALE0326,CUST0348,2024-12-16 10:37:23.100751,2364.34,Produto A
SALE0327,CUST0849,2025-05-04 10:37:23.100754,2050.89,Produto A
SALE0328,CUST0398,2025-03-19 10:37:23.100757,2274.94,Serviço Y
SALE0329,CUST0583,2025-04-16 10:37:23.100761,4861.03,Produto B
SALE0330,CUST0726,2025-04-20 10:37:23.100764,4258.82,Produto B
SALE0331,CUST0435,2024-10-22 10:37:23.100767,3546.53,Produto A
SALE0332,CUST0577,2025-05-02 10:37:23.100770,1487.87,Produto A
SALE0333,CUST0221,2025-07-22 10:37:23.100774,867.61,Serviço Y
SALE0334,CUST0308,2025-06-24 10:37:23.100777,4611.1,Produto A
SALE0335,CUST0991,2024-12-20 10:37:23.100780,2144.22,Serviço Y
SALE0336,CUST0798,2025-04-21 10:37:23.100783,1429.84,Produto B
SALE0337,CUST0697,2025-01-02 10:37:23.100786,2381.06,Produto B
SALE0338,CUST0719,2024-11-20 10:37:23.100789,4593.34,Serviço Y
SALE0339,CUST0466,2025-01-23 10:37:23.100792,1965.98,Produto A
SALE0340,CUST0099,2025-05-04 10:37:23.100796,2835.07,Produto B
SALE0341,CUST0242,2025-06-12 10:37:23.100799,4024.68,Serviço X
SALE0342,CUST0158,2025-07-06 10:37:23.100802,2164.31,Serviço Y
SALE0343,CUST0610,2024-12-19 10:37:23.100805,1206.03,Produto B
SALE0344,CUST0554,2025-07-29 10:37:23.100808,4972.9,Produto B
SALE0345,CUST0651,2025-01-28 10:37:23.100812,4785.03,Produto B
SALE0346,CUST0795,2025-01-19 10:37:23.100815,4225.22,Serviço X
SALE0347,CUST0920,2025-02-27 10:37:23.100818,3457.45,Serviço X
SALE0348,CUST0227,2025-05-12 10:37:23.100821,1509.58,Serviço X
SALE0349,CUST0423,2025-07-17 10:37:23.100824,4571.39,Produto A
SALE0350,CUST0072,2025-05-23 10:37:23.100827,1414.01,Serviço Y
SALE0351,CUST0243,2025-03-19 10:37:23.100831,4014.01,Produto A
SALE0352,CUST0530,2025-04-03 10:37:23.100834,4595.38,Serviço X
SALE0353,CUST0589,2024-11-29 10:37:23.100837,3034.87,Serviço Y
SALE0354,CUST0045,2025-05-15 10:37:23.100840,4025.13,Produto A
SALE0355,CUST0472,2025-06-20 10:37:23.100843,3968.89,Produto A
SALE0356,CUST0371,2025-05-21 10:37:23.100847,1006.13,Produto A
SALE0357,CUST0855,2025-07-08 10:37:23.100850,3356.23,Serviço X
SALE0358,CUST0652,2024-10-26 10:37:23.100853,512.67,Produto B
SALE0359,CUST0689,2025-03-24 10:37:23.100856,2563.86,Serviço Y
SALE0360,CUST0734,2025-03-20 10:37:23.100859,853.07,Serviço X
SALE0361,CUST0927,2025-06-27 10:37:23.100862,2110.93,Serviço Y
SALE0362,CUST0092,2024-10-29 10:37:23.100866,4173.26,Serviço X
SALE0363,CUST0022,2025-06-18 10:37:23.100869,4936.48,Produto A
SALE0364,CUST0172,2024-11-22 10:37:23.100872,1623.9,Produto A
SALE0365,CUST0604,2024-11-10 10:37:23.100875,2683.18,Produto B
SALE0366,CUST0192,2025-03-26 10:37:23.100879,2580.93,Produto B
SALE0367,CUST0077,2024-12-16 10:37:23.100882,4774.29,Serviço Y
SALE0368,CUST0281,2025-04-01 10:37:23.100885,2418.99,Produto B
SALE0369,CUST0364,2025-04-25 10:37:23.100888,3510.58,Produto B
SALE0370,CUST0179,2024-11-26 10:37:23.100891,4612.86,Serviço Y
SALE0371,CUST0238,2025-05-04 10:37:23.100894,1898.22,Serviço X
SALE0372,CUST0135,2025-01-02 10:37:23.100897,4515.51,Produto B
SALE0373,CUST0877,2025-06-07 10:37:23.100901,4591.41,Serviço X
SALE0374,CUST0902,2024-11-12 10:37:23.100904,4656.78,Produto A
SALE0375,CUST0280,2024-12-09 10:37:23.100907,1388.71,Produto B
SALE0376,CUST0019,2025-07-25 10:37:23.100910,2031.76,Produto A
SALE0377,CUST0595,2025-03-13 10:37:23.100913,4358.46,Produto A
SALE0378,CUST0740,2024-12-10 10:37:23.100916,1827.85,Serviço X
SALE0379,CUST0371,2025-05-10 10:37:23.100919,3021.25,Serviço Y
SALE0380,CUST0777,2025-05-04 10:37:23.100923,634.37,Produto B
SALE0381,CUST0112,2024-10-18 10:37:23.100926,328.56,Serviço X
SALE0382,CUST0763,2025-07-13 10:37:23.100929,2089.37,Serviço Y
SALE0383,CUST0676,2024-11-08 10:37:23.100932,2915.64,Produto A
SALE0384,CUST0870,2025-02-22 10:37:23.100935,1993.86,Produto B
SALE0385,CUST0680,2024-11-30 10:37:23.100942,2909.79,Produto A
SALE0386,CUST0221,2025-05-12 10:37:23.100946,2599.67,Produto A
SALE0387,CUST0920,2025-03-18 10:37:23.100949,3444.25,Produto B
SALE0388,CUST0304,2025-03-26 10:37:23.100952,3265.19,Serviço Y
SALE0389,CUST0703,2024-11-01 10:37:23.100956,2150.02,Serviço Y
SALE0390,CUST0325,2025-04-03 10:37:23.100959,2153.73,Produto B
SALE0391,CUST0437,2025-03-19 10:37:23.100962,746.85,Produto B
SALE0392,CUST0438,2025-04-26 10:37:23.100965,2590.53,Serviço X
SALE0393,CUST0170,2024-12-24 10:37:23.100969,2956.54,Serviço X
SALE0394,CUST0375,2025-06-05 10:37:23.100972,2408.62,Produto A
SALE0395,CUST0557,2024-10-17 10:37:23.100975,1662.25,Produto B
SALE0396,CUST0381,2024-11-26 10:37:23.100978,3622.16,Serviço Y
SALE0397,CUST0986,2025-02-08 10:37:23.100981,419.58,Produto A
SALE0398,CUST0014,2025-06-28 10:37:23.100984,4576.48,Produto A
SALE0399,CUST0743,2024-11-16 10:37:23.100988,152.19,Produto A
SALE0400,CUST0669,2025-01-30 10:37:23.100991,4813.63,Produto A
SALE0401,CUST0500,2025-07-30 10:37:23.100994,2338.66,Serviço Y
SALE0402,CUST0646,2025-04-25 10:37:23.100998,2092.72,Produto A
SALE0403,CUST0391,2024-12-25 10:37:23.101001,1319.4,Produto B
SALE0404,CUST0549,2025-07-04 10:37:23.101005,99.85,Serviço X
SALE0405,CUST0565,2024-12-14 10:37:23.101008,1410.21,Serviço Y
SALE0406,CUST0530,2024-12-22 10:37:23.101011,591.53,Produto B
SALE0407,CUST0983,2025-01-31 10:37:23.101014,3316.11,Produto B
SALE0408,CUST0492,2025-07-16 10:37:23.101017,1629.42,Produto B
SALE0409,CUST0550,2025-06-28 10:37:23.101020,3847.54,Serviço X
SALE0410,CUST0699,2025-02-15 10:37:23.101024,1074.24,Serviço X
SALE0411,CUST0385,2025-02-09 10:37:23.101027,4506.16,Serviço X
SALE0412,CUST0196,2025-05-13 10:37:23.101030,2638.76,Produto B
SALE0413,CUST0755,2025-03-27 10:37:23.101033,616.81,Serviço X
SALE0414,CUST0300,2025-07-25 10:37:23.101036,2034.18,Produto A
SALE0415,CUST0815,2025-07-10 10:37:23.101039,1073.46,Serviço X
SALE0416,CUST0547,2025-05-15 10:37:23.101042,1038.44,Serviço Y
SALE0417,CUST0727,2024-10-31 10:37:23.101046,2556.53,Produto B
SALE0418,CUST0731,2024-11-17 10:37:23.101049,3375.87,Produto B
SALE0419,CUST0828,2025-02-22 10:37:23.101052,4562.51,Produto A
SALE0420,CUST0602,2024-10-18 10:37:23.101055,2535.7,Serviço X
SALE0421,CUST0308,2025-05-31 10:37:23.101059,4830.9,Serviço X
SALE0422,CUST0252,2024-12-24 10:37:23.101062,4711.09,Serviço Y
SALE0423,CUST0008,2025-02-18 10:37:23.101065,4332.06,Produto A
SALE0424,CUST0768,2025-05-13 10:37:23.101068,2524.89,Serviço Y
SALE0425,CUST0875,2025-03-27 10:37:23.101071,747.47,Serviço Y
SALE0426,CUST0208,2025-02-10 10:37:23.101074,1128.63,Produto B
SALE0427,CUST0937,2024-11-28 10:37:23.101078,3255.97,Produto B
SALE0428,CUST0131,2025-07-23 10:37:23.101081,2137.69,Serviço X
SALE0429,CUST0736,2024-12-27 10:37:23.101084,776.67,Serviço X
SALE0430,CUST0709,2025-01-18 10:37:23.101087,2421.02,Serviço Y
SALE0431,CUST0980,2025-04-22 10:37:23.101090,136.28,Serviço X
SALE0432,CUST0654,2024-11-30 10:37:23.101093,3682.78,Serviço Y
SALE0433,CUST0764,2025-05-10 10:37:23.101096,414.23,Serviço X
SALE0434,CUST0608,2025-04-04 10:37:23.101100,3164.11,Serviço X
SALE0435,CUST0026,2025-04-16 10:37:23.101103,3975.4,Produto B
SALE0436,CUST0623,2025-03-23 10:37:23.101106,706.59,Produto B
SALE0437,CUST0454,2024-12-03 10:37:23.101109,2617.26,Produto B
SALE0438,CUST0635,2025-02-22 10:37:23.101112,3906.38,Produto B
SALE0439,CUST0186,2025-03-10 10:37:23.101115,1340.14,Produto A
SALE0440,CUST0484,2025-05-31 10:37:23.101118,856.44,Produto B
SALE0441,CUST0680,2024-12-29 10:37:23.101122,1717.25,Produto A
SALE0442,CUST0051,2024-11-09 10:37:23.101125,2795.76,Produto B
SALE0443,CUST0891,2025-07-18 10:37:23.101128,2897.63,Serviço X
SALE0444,CUST0005,2024-10-22 10:37:23.101131,697.84,Serviço Y
SALE0445,CUST0589,2025-04-29 10:37:23.101135,2314.97,Serviço X
SALE0446,CUST0160,2024-11-28 10:37:23.101138,1378.0,Serviço X
SALE0447,CUST0208,2025-05-22 10:37:23.101141,4218.02,Produto A
SALE0448,CUST0257,2025-03-25 10:37:23.101144,1602.2,Produto B
SALE0449,CUST0205,2025-02-15 10:37:23.101147,4201.59,Serviço Y
SALE0450,CUST0767,2025-01-18 10:37:23.101150,2171.39,Serviço Y
SALE0451,CUST0950,2025-01-02 10:37:23.101154,3646.6,Produto B
SALE0452,CUST0011,2025-01-11 10:37:23.101157,2574.8,Produto A
SALE0453,CUST0949,2025-05-25 10:37:23.101160,3128.71,Produto A
SALE0454,CUST0008,2025-07-27 10:37:23.101163,2007.01,Produto A
SALE0455,CUST0409,2024-10-24 10:37:23.101166,3852.62,Serviço Y
SALE0456,CUST0936,2024-11-24 10:37:23.101169,2154.69,Produto A
SALE0457,CUST0032,2025-07-26 10:37:23.101173,2314.44,Produto A
SALE0458,CUST0984,2025-05-21 10:37:23.101176,2612.51,Serviço Y
SALE0459,CUST0540,2025-02-16 10:37:23.101179,4167.53,Serviço Y
SALE0460,CUST0718,2025-05-03 10:37:23.101182,3313.93,Serviço X
SALE0461,CUST0387,2024-11-07 10:37:23.101185,1778.34,Serviço Y
SALE0462,CUST0228,2025-02-09 10:37:23.101189,3368.08,Produto B
SALE0463,CUST0640,2025-06-04 10:37:23.101192,3230.01,Serviço Y
SALE0464,CUST0767,2025-03-28 10:37:23.101195,4658.55,Serviço Y
SALE0465,CUST0475,2024-11-08 10:37:23.101198,4215.01,Produto A
SALE0466,CUST0724,2025-04-20 10:37:23.101201,3254.86,Serviço X
SALE0467,CUST0751,2024-11-07 10:37:23.101205,1740.46,Produto A
SALE0468,CUST0207,2025-02-20 10:37:23.101208,3908.9,Serviço X
SALE0469,CUST0318,2025-02-08 10:37:23.101213,2897.28,Produto A
SALE0470,CUST0795,2025-06-10 10:37:23.101217,4927.09,Produto B
SALE0471,CUST0757,2025-05-20 10:37:23.101220,1275.16,Produto A
SALE0472,CUST0557,2025-06-07 10:37:23.101223,444.3,Produto A
SALE0473,CUST0617,2025-04-08 10:37:23.101226,395.96,Produto B
SALE0474,CUST0348,2025-01-12 10:37:23.101229,3218.15,Produto B
SALE0475,CUST0793,2025-07-04 10:37:23.101232,4699.34,Serviço Y
SALE0476,CUST0234,2025-05-29 10:37:23.101236,59.56,Produto A
SALE0477,CUST0701,2025-07-21 10:37:23.101239,3642.57,Produto B
SALE0478,CUST0044,2025-07-18 10:37:23.101242,3302.47,Produto B
SALE0479,CUST0737,2025-05-30 10:37:23.101245,3674.91,Serviço Y
SALE0480,CUST0942,2025-01-04 10:37:23.101248,1809.26,Serviço X
SALE0481,CUST0142,2025-02-27 10:37:23.101251,4111.46,Produto B
SALE0482,CUST0648,2025-04-27 10:37:23.101254,271.3,Produto B
SALE0483,CUST0176,2025-01-13 10:37:23.101257,3789.38,Produto A
SALE0484,CUST0654,2025-03-15 10:37:23.101261,1372.01,Serviço Y
SALE0485,CUST0449,2025-06-11 10:37:23.101264,2410.35,Produto A
SALE0486,CUST0592,2025-05-16 10:37:23.101267,4122.05,Serviço X
SALE0487,CUST0082,2024-11-11 10:37:23.101270,1393.23,Serviço Y
SALE0488,CUST0135,2025-02-01 10:37:23.101273,966.78,Produto A
SALE0489,CUST0719,2025-08-01 10:37:23.101276,3422.5,Produto B
SALE0490,CUST0856,2025-04-19 10:37:23.101279,2690.3,Produto B
SALE0491,CUST0177,2025-03-22 10:37:23.101283,2596.3,Serviço Y
SALE0492,CUST0383,2025-06-17 10:37:23.101286,1321.01,Produto B
SALE0493,CUST0243,2025-06-17 10:37:23.101289,222.66,Produto A
SALE0494,CUST0567,2025-05-12 10:37:23.101292,2080.83,Serviço Y
SALE0495,CUST0141,2025-05-31 10:37:23.101295,577.47,Produto B
SALE0496,CUST0457,2025-05-15 10:37:23.101298,4534.65,Produto B
SALE0497,CUST0440,2025-06-26 10:37:23.101301,254.19,Serviço X
SALE0498,CUST0056,2024-12-31 10:37:23.101305,2186.67,Serviço X
SALE0499,CUST0527,2025-06-11 10:37:23.101308,308.62,Serviço Y
SALE0500,CUST0697,2024-12-24 10:37:23.101311,522.94,Serviço X
SALE0501,CUST0826,2025-01-23 10:37:23.101314,3311.39,Produto A
SALE0502,CUST0419,2024-12-02 10:37:23.101317,3253.2,Produto B
SALE0503,CUST0088,2025-02-22 10:37:23.101320,213.61,Produto B
SALE0504,CUST0609,2025-06-06 10:37:23.101323,55.6,Produto B
SALE0505,CUST0656,2024-11-17 10:37:23.101327,440.15,Serviço Y
SALE0506,CUST0008,2025-04-17 10:37:23.101330,3826.84,Serviço Y
SALE0507,CUST0477,2024-11-27 10:37:23.101333,2943.65,Serviço X
SALE0508,CUST0215,2025-01-20 10:37:23.101336,238.69,Produto B
SALE0509,CUST0685,2025-02-10 10:37:23.101339,2466.08,Produto B
SALE0510,CUST0735,2025-07-12 10:37:23.101342,3574.55,Produto B
SALE0511,CUST0552,2024-12-04 10:37:23.101346,4351.31,Produto B
SALE0512,CUST0497,2025-07-19 10:37:23.101349,4673.48,Produto B
SALE0513,CUST0694,2024-11-15 10:37:23.101352,1670.83,Produto A
SALE0514,CUST0503,2025-07-18 10:37:23.101355,722.37,Produto B
SALE0515,CUST0782,2025-04-23 10:37:23.101358,1222.78,Produto A
SALE0516,CUST0699,2024-12-13 10:37:23.101361,3892.05,Produto B
SALE0517,CUST0245,2024-12-04 10:37:23.101364,4858.85,Serviço Y
SALE0518,CUST0478,2025-05-18 10:37:23.101368,2358.65,Serviço Y
SALE0519,CUST0309,2025-03-10 10:37:23.101371,1561.5,Produto A
SALE0520,CUST0231,2025-07-28 10:37:23.101374,2174.49,Produto B
SALE0521,CUST0383,2024-12-26 10:37:23.101377,1558.83,Serviço Y
SALE0522,CUST0155,2024-11-16 10:37:23.101380,1319.61,Serviço Y
SALE0523,CUST0175,2025-03-11 10:37:23.101384,2989.07,Produto B
SALE0524,CUST0848,2024-11-02 10:37:23.101387,127.89,Produto B
SALE0525,CUST0115,2024-11-06 10:37:23.101390,1334.78,Serviço Y
SALE0526,CUST0390,2025-01-25 10:37:23.101393,3323.84,Produto B
SALE0527,CUST0311,2025-02-16 10:37:23.101396,208.71,Serviço X
SALE0528,CUST0993,2024-11-15 10:37:23.101400,461.85,Produto B
SALE0529,CUST0300,2025-07-12 10:37:23.101403,1502.31,Serviço Y
SALE0530,CUST0018,2025-07-12 10:37:23.101406,4395.13,Serviço Y
SALE0531,CUST0784,2025-07-04 10:37:23.101410,3836.19,Produto A
SALE0532,CUST0012,2024-11-16 10:37:23.101413,159.68,Serviço X
SALE0533,CUST0404,2025-03-22 10:37:23.101416,2533.48,Serviço Y
SALE0534,CUST0813,2025-02-05 10:37:23.101419,1409.7,Serviço X
SALE0535,CUST0704,2024-12-08 10:37:23.101422,3260.8,Produto B
SALE0536,CUST0232,2025-06-14 10:37:23.101426,3621.69,Serviço Y
SALE0537,CUST0955,2025-02-20 10:37:23.101429,4321.17,Produto A
SALE0538,CUST0605,2025-04-10 10:37:23.101432,2403.31,Serviço Y
SALE0539,CUST0990,2025-03-17 10:37:23.101435,4972.53,Produto A
SALE0540,CUST0730,2025-05-18 10:37:23.101438,4900.93,Serviço X
SALE0541,CUST0278,2024-12-05 10:37:23.101441,4416.73,Produto A
SALE0542,CUST0353,2025-06-06 10:37:23.101444,2895.6,Produto B
SALE0543,CUST0999,2025-06-22 10:37:23.101448,2020.13,Produto B
SALE0544,CUST0303,2025-05-12 10:37:23.101451,1853.71,Produto B
SALE0545,CUST0541,2025-04-30 10:37:23.101454,110.02,Serviço Y
SALE0546,CUST0470,2024-10-16 10:37:23.101457,1283.41,Produto B
SALE0547,CUST0813,2025-06-15 10:37:23.101460,3608.1,Produto B
SALE0548,CUST0077,2025-01-27 10:37:23.101463,3037.98,Serviço Y
SALE0549,CUST0521,2025-05-19 10:37:23.101466,4586.29,Serviço X
SALE0550,CUST0024,2025-07-22 10:37:23.101470,297.61,Produto B
SALE0551,CUST0015,2025-01-25 10:37:23.101473,818.62,Produto B
SALE0552,CUST0676,2025-03-19 10:37:23.101476,3956.76,Serviço Y
SALE0553,CUST0525,2025-04-21 10:37:23.101479,1824.61,Serviço X
SALE0554,CUST0347,2024-11-15 10:37:23.101485,635.81,Serviço X
SALE0555,CUST0172,2024-10-21 10:37:23.101488,4982.43,Serviço X
SALE0556,CUST0869,2025-01-10 10:37:23.101491,3946.89,Serviço Y
SALE0557,CUST0327,2025-02-23 10:37:23.101495,2073.27,Produto A
SALE0558,CUST0712,2025-03-08 10:37:23.101498,4125.57,Produto A
SALE0559,CUST0485,2024-10-21 10:37:23.101501,3418.99,Produto B
SALE0560,CUST0489,2024-11-12 10:37:23.101504,3960.38,Produto B
SALE0561,CUST0462,2025-03-09 10:37:23.101507,4085.27,Produto B
SALE0562,CUST0378,2025-01-12 10:37:23.101511,469.41,Produto A
SALE0563,CUST0588,2024-11-25 10:37:23.101514,3133.72,Serviço Y
SALE0564,CUST0164,2025-03-19 10:37:23.101517,83.59,Produto B
SALE0565,CUST0372,2025-05-03 10:37:23.101520,265.11,Serviço Y
SALE0566,CUST0573,2024-12-23 10:37:23.101523,4524.7,Produto B
SALE0567,CUST1000,2025-01-26 10:37:23.101526,2661.44,Serviço Y
SALE0568,CUST0977,2025-04-11 10:37:23.101530,3692.71,Serviço Y
SALE0569,CUST0424,2025-08-02 10:37:23.101533,4200.58,Produto A
SALE0570,CUST0757,2024-12-07 10:37:23.101536,4750.45,Serviço Y
SALE0571,CUST0477,2025-07-17 10:37:23.101539,4353.3,Serviço X
SALE0572,CUST0382,2025-03-08 10:37:23.101542,2442.39,Produto A
SALE0573,CUST0155,2025-04-01 10:37:23.101545,1713.05,Produto B
SALE0574,CUST0257,2025-04-05 10:37:23.101548,814.74,Produto A
SALE0575,CUST0756,2025-03-14 10:37:23.101552,2031.59,Serviço X
SALE0576,CUST0674,2024-11-03 10:37:23.101564,1864.14,Serviço X
SALE0577,CUST0068,2025-03-08 10:37:23.101568,2819.9,Serviço Y
SALE0578,CUST0344,2025-04-18 10:37:23.101571,3344.27,Serviço X
SALE0579,CUST0277,2025-04-13 10:37:23.101574,4892.71,Serviço X
SALE0580,CUST0673,2025-01-31 10:37:23.101578,3655.51,Serviço X
SALE0581,CUST0391,2025-06-11 10:37:23.101581,3236.56,Serviço X
SALE0582,CUST0449,2024-11-29 10:37:23.101584,1708.71,Produto B
SALE0583,CUST0259,2025-03-10 10:37:23.101587,220.79,Produto B
SALE0584,CUST0307,2025-02-26 10:37:23.101590,1476.22,Produto A
SALE0585,CUST0847,2025-04-09 10:37:23.101593,3853.82,Serviço Y
SALE0586,CUST0095,2025-05-29 10:37:23.101597,1066.1,Produto B
SALE0587,CUST0950,2025-04-30 10:37:23.101602,3575.33,Serviço X
SALE0588,CUST0464,2025-02-21 10:37:23.101610,2919.91,Serviço Y
SALE0589,CUST0970,2024-10-13 10:37:23.101616,900.69,Produto B
SALE0590,CUST0246,2025-03-09 10:37:23.101622,1345.04,Produto A
SALE0591,CUST0733,2025-08-05 10:37:23.101626,2506.7,Serviço X
SALE0592,CUST0635,2025-03-08 10:37:23.101631,2120.95,Serviço Y
SALE0593,CUST0187,2025-06-03 10:37:23.101636,3903.89,Produto B
SALE0594,CUST0774,2025-05-30 10:37:23.101642,3685.3,Serviço Y
SALE0595,CUST0925,2025-04-08 10:37:23.101648,2894.14,Produto B
SALE0596,CUST0785,2025-04-20 10:37:23.101652,4120.26,Produto A
SALE0597,CUST0373,2024-12-03 10:37:23.101657,2835.21,Serviço X
SALE0598,CUST0572,2025-05-06 10:37:23.101662,4823.73,Produto A
SALE0599,CUST0406,2024-11-12 10:37:23.101667,1125.26,Serviço X
SALE0600,CUST0408,2025-04-26 10:37:23.101672,3584.95,Serviço X
SALE0601,CUST0125,2025-04-17 10:37:23.101677,1881.22,Serviço Y
SALE0602,CUST0337,2025-06-06 10:37:23.101682,1430.88,Produto B
SALE0603,CUST0341,2025-03-24 10:37:23.101686,942.92,Produto A
SALE0604,CUST0563,2025-06-13 10:37:23.101691,2784.89,Produto A
SALE0605,CUST0178,2025-04-21 10:37:23.101696,1116.57,Produto A
SALE0606,CUST0651,2024-11-22 10:37:23.101701,1041.74,Serviço Y
SALE0607,CUST0952,2024-11-27 10:37:23.101706,4953.13,Serviço Y
SALE0608,CUST0839,2024-12-28 10:37:23.101711,4018.65,Serviço Y
SALE0609,CUST0170,2025-02-21 10:37:23.101716,3753.97,Serviço X
SALE0610,CUST0039,2025-02-28 10:37:23.101721,3980.6,Produto A
SALE0611,CUST0069,2025-02-22 10:37:23.101725,4846.17,Serviço X
SALE0612,CUST0236,2025-01-14 10:37:23.101731,2887.72,Produto A
SALE0613,CUST0560,2024-11-13 10:37:23.101736,1140.21,Produto A
SALE0614,CUST0381,2025-03-22 10:37:23.101741,4317.94,Produto B
SALE0615,CUST0057,2024-12-02 10:37:23.101746,3726.52,Produto A
SALE0616,CUST0277,2025-06-13 10:37:23.101751,2100.83,Serviço Y
SALE0617,CUST0850,2025-01-10 10:37:23.101756,2394.17,Serviço Y
SALE0618,CUST0099,2025-07-21 10:37:23.101761,2085.7,Serviço Y
SALE0619,CUST0916,2025-05-31 10:37:23.101766,4653.21,Produto B
SALE0620,CUST0527,2025-03-27 10:37:23.101771,1750.48,Produto B
SALE0621,CUST0325,2025-01-31 10:37:23.101776,4819.25,Serviço X
SALE0622,CUST0461,2025-03-22 10:37:23.101781,4555.85,Produto A
SALE0623,CUST0179,2025-02-14 10:37:23.101786,3171.08,Produto A
SALE0624,CUST0844,2025-05-02 10:37:23.101791,2920.12,Serviço Y
SALE0625,CUST0574,2025-02-17 10:37:23.101796,1881.94,Serviço Y
SALE0626,CUST0119,2025-03-06 10:37:23.101801,140.78,Serviço Y
SALE0627,CUST0469,2025-02-05 10:37:23.101806,681.73,Serviço Y
SALE0628,CUST0549,2024-12-08 10:37:23.101812,3783.45,Serviço Y
SALE0629,CUST0646,2024-10-26 10:37:23.101817,2384.12,Serviço Y
SALE0630,CUST0455,2025-07-11 10:37:23.101823,791.7,Produto A
SALE0631,CUST0026,2025-06-08 10:37:23.101828,1356.61,Produto B
SALE0632,CUST0490,2025-01-17 10:37:23.101834,4741.79,Serviço Y
SALE0633,CUST0008,2024-11-30 10:37:23.101837,1867.31,Produto A
SALE0634,CUST0969,2025-05-30 10:37:23.101841,4543.03,Serviço Y
SALE0635,CUST0987,2025-07-17 10:37:23.101844,1557.95,Serviço X
SALE0636,CUST0516,2025-03-08 10:37:23.101847,2738.94,Serviço X
SALE0637,CUST0533,2025-04-27 10:37:23.101850,151.36,Produto A
SALE0638,CUST0927,2025-05-04 10:37:23.101853,2633.28,Produto B
SALE0639,CUST0149,2024-12-21 10:37:23.101860,3202.86,Serviço X
SALE0640,CUST0488,2025-04-04 10:37:23.101864,1209.81,Serviço X
SALE0641,CUST0025,2024-11-22 10:37:23.101867,2915.74,Produto B
SALE0642,CUST0999,2024-12-14 10:37:23.101870,3253.48,Serviço X
SALE0643,CUST0655,2025-02-26 10:37:23.101873,3450.09,Serviço Y
SALE0644,CUST0757,2025-06-26 10:37:23.101877,3893.2,Produto B
SALE0645,CUST0931,2024-11-04 10:37:23.101880,1591.13,Serviço X
SALE0646,CUST0945,2025-05-31 10:37:23.101883,2860.5,Produto B
SALE0647,CUST0555,2025-02-15 10:37:23.101886,4908.82,Serviço Y
SALE0648,CUST0425,2025-04-04 10:37:23.101889,4495.81,Serviço X
SALE0649,CUST0293,2025-02-18 10:37:23.101892,4765.69,Produto A
SALE0650,CUST0185,2025-06-21 10:37:23.101895,1961.38,Serviço X
SALE0651,CUST0554,2024-11-19 10:37:23.101899,3945.29,Serviço X
SALE0652,CUST0431,2025-01-02 10:37:23.101902,3118.49,Serviço Y
SALE0653,CUST0604,2025-04-05 10:37:23.101905,459.54,Produto A
SALE0654,CUST0317,2024-10-18 10:37:23.101908,4128.7,Produto A
SALE0655,CUST0398,2025-02-26 10:37:23.101911,3401.65,Produto A
SALE0656,CUST0324,2025-01-18 10:37:23.101914,1034.64,Serviço Y
SALE0657,CUST0565,2024-11-05 10:37:23.101918,444.71,Serviço Y
SALE0658,CUST0596,2025-01-13 10:37:23.101921,4193.26,Serviço Y
SALE0659,CUST0546,2025-06-28 10:37:23.101924,440.56,Serviço Y
SALE0660,CUST0076,2024-11-07 10:37:23.101927,502.2,Serviço Y
SALE0661,CUST0865,2025-01-31 10:37:23.101930,2165.67,Produto A
SALE0662,CUST0920,2025-05-06 10:37:23.101933,717.25,Produto B
SALE0663,CUST0916,2025-06-26 10:37:23.101936,4572.66,Serviço Y
SALE0664,CUST0709,2025-04-22 10:37:23.101940,2377.91,Produto B
SALE0665,CUST0486,2025-06-03 10:37:23.101943,2867.3,Serviço X
SALE0666,CUST0798,2025-03-25 10:37:23.101946,4644.13,Serviço X
SALE0667,CUST0088,2025-07-14 10:37:23.101949,2674.8,Serviço Y
SALE0668,CUST0747,2025-07-10 10:37:23.101952,1800.28,Serviço X
SALE0669,CUST0232,2025-06-06 10:37:23.101955,3995.92,Produto B
SALE0670,CUST0007,2024-11-07 10:37:23.101958,2242.11,Serviço X
SALE0671,CUST0804,2024-12-21 10:37:23.101962,1626.42,Serviço X
SALE0672,CUST0550,2025-07-18 10:37:23.101965,3629.99,Produto B
SALE0673,CUST0976,2025-08-04 10:37:23.101968,4017.95,Serviço X
SALE0674,CUST0052,2025-01-01 10:37:23.101972,3969.0,Serviço Y
SALE0675,CUST0655,2025-03-24 10:37:23.101976,4889.49,Produto B
SALE0676,CUST0942,2025-08-04 10:37:23.101979,3944.0,Produto B
SALE0677,CUST0919,2025-01-26 10:37:23.101982,3861.17,Produto A
SALE0678,CUST0396,2025-05-26 10:37:23.101985,4294.55,Produto A
SALE0679,CUST0221,2025-04-11 10:37:23.101988,50.92,Produto B
SALE0680,CUST0428,2025-03-06 10:37:23.101991,1844.04,Produto B
SALE0681,CUST0752,2025-01-10 10:37:23.101994,3701.14,Produto A
SALE0682,CUST0143,2025-07-04 10:37:23.101997,3018.61,Serviço Y
SALE0683,CUST0861,2025-03-23 10:37:23.102000,928.98,Serviço X
SALE0684,CUST0363,2025-04-09 10:37:23.102004,1553.48,Serviço X
SALE0685,CUST0382,2025-04-14 10:37:23.102007,1717.12,Serviço X
SALE0686,CUST0561,2025-07-25 10:37:23.102010,2860.75,Produto B
SALE0687,CUST0277,2025-05-30 10:37:23.102013,4166.41,Serviço Y
SALE0688,CUST0271,2024-11-23 10:37:23.102016,4665.83,Produto A
SALE0689,CUST0014,2025-05-10 10:37:23.102019,3762.96,Serviço Y
SALE0690,CUST0298,2025-06-21 10:37:23.102022,4222.6,Serviço Y
SALE0691,CUST0464,2024-11-20 10:37:23.102025,2376.97,Serviço X
SALE0692,CUST0527,2024-12-22 10:37:23.102029,1979.39,Produto A
SALE0693,CUST0234,2025-02-08 10:37:23.102032,1993.91,Serviço Y
SALE0694,CUST0575,2025-07-28 10:37:23.102035,3099.39,Produto A
SALE0695,CUST0708,2024-10-27 10:37:23.102038,664.97,Produto B
SALE0696,CUST0027,2025-04-03 10:37:23.102041,2918.5,Serviço X
SALE0697,CUST0471,2025-03-26 10:37:23.102044,3342.41,Produto A
SALE0698,CUST0093,2025-03-05 10:37:23.102047,2222.6,Produto B
SALE0699,CUST0617,2024-12-02 10:37:23.102050,4768.18,Produto B
SALE0700,CUST0309,2025-03-20 10:37:23.102053,3060.66,Produto B
SALE0701,CUST0052,2025-02-12 10:37:23.102057,1139.0,Serviço Y
SALE0702,CUST0319,2025-02-14 10:37:23.102060,2422.12,Serviço Y
SALE0703,CUST0969,2025-05-25 10:37:23.102063,3393.25,Serviço X
SALE0704,CUST0181,2025-03-17 10:37:23.102066,1651.96,Serviço X
SALE0705,CUST0569,2024-10-19 10:37:23.102069,444.23,Produto B
SALE0706,CUST0120,2025-04-17 10:37:23.102072,2938.01,Serviço X
SALE0707,CUST0820,2025-01-13 10:37:23.102075,4741.96,Serviço Y
SALE0708,CUST0875,2025-03-29 10:37:23.102079,2451.11,Serviço X
SALE0709,CUST0043,2025-04-19 10:37:23.102082,4535.24,Produto A
SALE0710,CUST0647,2025-06-01 10:37:23.102085,4183.37,Serviço Y
SALE0711,CUST0885,2025-05-13 10:37:23.102088,779.69,Produto B
SALE0712,CUST0938,2024-11-05 10:37:23.102091,3555.44,Produto B
SALE0713,CUST0260,2024-12-23 10:37:23.102094,2205.55,Serviço X
SALE0714,CUST0197,2025-07-28 10:37:23.102097,1288.72,Serviço Y
SALE0715,CUST0645,2024-10-23 10:37:23.102100,3450.34,Produto B
SALE0716,CUST0971,2025-04-17 10:37:23.102104,3726.17,Produto B
SALE0717,CUST0255,2025-07-14 10:37:23.102107,940.49,Serviço Y
SALE0718,CUST0732,2024-10-20 10:37:23.102110,4576.5,Serviço Y
SALE0719,CUST0336,2025-02-20 10:37:23.102113,3768.18,Produto B
SALE0720,CUST0553,2025-04-20 10:37:23.102116,4670.21,Serviço X
SALE0721,CUST0502,2025-01-29 10:37:23.102119,1619.51,Serviço X
SALE0722,CUST0990,2025-01-23 10:37:23.102122,4699.71,Serviço X
SALE0723,CUST0900,2025-07-05 10:37:23.102126,1874.16,Produto A
SALE0724,CUST0255,2025-01-14 10:37:23.102129,317.15,Serviço Y
SALE0725,CUST0514,2025-02-06 10:37:23.102134,3826.7,Produto B
SALE0726,CUST0707,2025-03-13 10:37:23.102138,3532.37,Produto A
SALE0727,CUST0242,2024-11-12 10:37:23.102141,3009.66,Serviço X
SALE0728,CUST0149,2025-07-27 10:37:23.102144,2474.97,Produto A
SALE0729,CUST0710,2025-05-29 10:37:23.102147,209.22,Produto B
SALE0730,CUST0299,2024-11-24 10:37:23.102150,3141.76,Produto B
SALE0731,CUST0757,2024-12-31 10:37:23.102153,2113.33,Serviço Y
SALE0732,CUST0850,2024-10-14 10:37:23.102157,2823.04,Serviço X
SALE0733,CUST0620,2024-11-21 10:37:23.102160,2175.14,Serviço X
SALE0734,CUST0453,2025-08-04 10:37:23.102163,4831.98,Produto A
SALE0735,CUST0393,2025-05-15 10:37:23.102166,3040.34,Serviço X
SALE0736,CUST0212,2025-03-04 10:37:23.102169,3758.72,Produto A
SALE0737,CUST0668,2025-03-09 10:37:23.102173,4684.92,Produto B
SALE0738,CUST0538,2025-02-12 10:37:23.102176,2978.42,Produto B
SALE0739,CUST0594,2025-01-24 10:37:23.102179,109.71,Produto B
SALE0740,CUST0595,2025-04-22 10:37:23.102182,219.74,Produto B
SALE0741,CUST0131,2025-03-26 10:37:23.102185,3526.58,Produto B
SALE0742,CUST0329,2024-11-04 10:37:23.102188,1431.47,Produto A
SALE0743,CUST0612,2025-03-05 10:37:23.102192,2917.93,Produto B
SALE0744,CUST0256,2024-11-03 10:37:23.102195,1051.27,Produto A
SALE0745,CUST0479,2024-12-14 10:37:23.102198,1387.73,Produto B
SALE0746,CUST0561,2024-12-10 10:37:23.102201,2547.97,Produto A
SALE0747,CUST0913,2025-07-25 10:37:23.102204,4879.07,Produto A
SALE0748,CUST0063,2025-07-03 10:37:23.102207,3100.54,Produto A
SALE0749,CUST0311,2025-06-21 10:37:23.102211,4683.93,Serviço X
SALE0750,CUST0407,2025-01-05 10:37:23.102214,4798.93,Produto A
SALE0751,CUST0802,2025-03-14 10:37:23.102217,1080.14,Produto A
SALE0752,CUST0105,2025-03-01 10:37:23.102220,1590.41,Produto B
SALE0753,CUST0617,2025-04-04 10:37:23.102223,3861.46,Produto A
SALE0754,CUST0837,2025-04-19 10:37:23.102226,4340.48,Produto A
SALE0755,CUST0015,2025-07-01 10:37:23.102229,2620.17,Serviço Y
SALE0756,CUST0687,2024-11-03 10:37:23.102232,4966.47,Serviço X
SALE0757,CUST0259,2025-07-24 10:37:23.102236,107.28,Serviço Y
SALE0758,CUST0723,2024-12-18 10:37:23.102239,1532.98,Produto B
SALE0759,CUST0412,2025-04-05 10:37:23.102242,3134.65,Serviço X
SALE0760,CUST0259,2024-11-01 10:37:23.102245,2372.99,Serviço X
SALE0761,CUST0614,2025-04-18 10:37:23.102248,627.18,Serviço Y
SALE0762,CUST0260,2025-04-05 10:37:23.102252,1870.55,Serviço X
SALE0763,CUST0856,2025-07-08 10:37:23.102255,175.96,Serviço Y
SALE0764,CUST0671,2025-04-14 10:37:23.102258,3231.59,Produto A
SALE0765,CUST0045,2025-05-09 10:37:23.102261,4469.08,Serviço Y
SALE0766,CUST0955,2025-01-07 10:37:23.102264,4430.13,Serviço X
SALE0767,CUST0813,2025-06-30 10:37:23.102267,3512.75,Serviço X
SALE0768,CUST0763,2025-05-16 10:37:23.102270,2355.56,Produto B
SALE0769,CUST0331,2025-07-11 10:37:23.102273,2584.56,Produto B
SALE0770,CUST0165,2025-01-02 10:37:23.102276,727.75,Produto B
SALE0771,CUST0193,2025-01-04 10:37:23.102280,1738.03,Produto B
SALE0772,CUST0521,2024-12-29 10:37:23.102283,979.25,Serviço X
SALE0773,CUST0401,2025-07-23 10:37:23.102286,4114.94,Produto B
SALE0774,CUST0374,2024-11-21 10:37:23.102289,4578.03,Serviço Y
SALE0775,CUST0065,2024-11-14 10:37:23.102292,2707.77,Produto A
SALE0776,CUST0387,2025-04-09 10:37:23.102295,3652.43,Serviço X
SALE0777,CUST0495,2025-04-01 10:37:23.102299,651.25,Produto B
SALE0778,CUST0794,2025-01-08 10:37:23.102302,3062.25,Serviço X
SALE0779,CUST0693,2025-07-27 10:37:23.102305,3528.82,Produto B
SALE0780,CUST0415,2025-02-12 10:37:23.102308,2291.2,Serviço X
SALE0781,CUST0794,2025-03-27 10:37:23.102311,1254.2,Produto B
SALE0782,CUST0791,2025-07-24 10:37:23.102314,4393.0,Produto A
SALE0783,CUST0030,2025-06-18 10:37:23.102317,3727.4,Produto B
SALE0784,CUST0266,2025-05-27 10:37:23.102321,4504.29,Serviço Y
SALE0785,CUST0328,2025-05-30 10:37:23.102324,4101.09,Serviço X
SALE0786,CUST0492,2025-07-22 10:37:23.102327,4952.35,Serviço X
SALE0787,CUST0217,2025-06-12 10:37:23.102330,1001.26,Serviço Y
SALE0788,CUST0320,2025-04-24 10:37:23.102333,479.4,Serviço Y
SALE0789,CUST0918,2025-03-28 10:37:23.102336,1718.16,Produto A
SALE0790,CUST0399,2025-06-20 10:37:23.102339,688.57,Serviço X
SALE0791,CUST0891,2024-12-02 10:37:23.102342,2639.49,Produto A
SALE0792,CUST0105,2024-11-07 10:37:23.102346,3183.49,Serviço X
SALE0793,CUST0696,2025-04-18 10:37:23.102349,2912.53,Serviço X
SALE0794,CUST0330,2025-06-30 10:37:23.102352,1333.24,Produto A
SALE0795,CUST0660,2024-12-10 10:37:23.102355,4548.68,Serviço X
SALE0796,CUST0617,2025-04-08 10:37:23.102358,154.8,Serviço X
SALE0797,CUST0047,2025-06-20 10:37:23.102361,1772.67,Produto A
SALE0798,CUST0599,2025-07-28 10:37:23.102365,3609.01,Produto B
SALE0799,CUST0821,2024-12-17 10:37:23.102368,3846.3,Produto A
SALE0800,CUST0949,2025-07-02 10:37:23.102371,2109.79,Serviço X
